Residue,Solvent Accessibility
D1,0.9693251533742331
A2,0.4811320754716981
E3,0.6185567010309279
F4,0.5482233502538071
R5,0.6733870967741935
H6,0.6086956521739131
D7,0.6932515337423313
S8,0.5846153846153846
G9,0.6428571428571429
Y10,0.6576576576576577
E11,0.7731958762886598
V12,0.24647887323943662
H13,0.782608695652174
H14,0.43478260869565216
Q15,0.12121212121212122
K16,0.7317073170731707
L17,0.4146341463414634
V18,0.5422535211267606
F19,0.14213197969543148
F20,0.7055837563451777
A21,0.009433962264150943
E22,0.5979381443298969
D23,0.7668711656441718
V24,0.09859154929577464
G25,0.36904761904761907
S26,0.19230769230769232
N27,0.643312101910828
K28,0.7268292682926829
G29,0.4166666666666667
A30,0.5094339622641509
I31,0.16568047337278108
I32,0.8698224852071006
G33,0.5476190476190477
L34,0.4451219512195122
M35,0.28191489361702127
V36,0.06338028169014084
G37,0.5357142857142857
G38,0.11904761904761904
V39,0.38028169014084506
V40,0.04929577464788732
I41,0.7928994082840237
A42,0.2358490566037736
P43,0.125
P44,0.6470588235294118
P45,0.38235294117647056
P46,0.0661764705882353
P47,0.5
P48,0.6470588235294118
D49,0.5521472392638037
A50,0.018867924528301886
E51,0.19072164948453607
F52,0.17258883248730963
R53,0.29435483870967744
H54,0.14130434782608695
D55,0.48466257668711654
S56,0.15384615384615385
G57,0.35714285714285715
Y58,0.2072072072072072
E59,0.3247422680412371
V60,0.0
H61,0.3804347826086957
H62,0.32608695652173914
Q63,0.015151515151515152
K64,0.4195121951219512
L65,0.006097560975609756
V66,0.2112676056338028
F67,0.015228426395939087
F68,0.38578680203045684
A69,0.0660377358490566
E70,0.36597938144329895
D71,0.38650306748466257
V72,0.007042253521126761
G73,0.011904761904761904
S74,0.19230769230769232
N75,0.6624203821656051
K76,0.5804878048780487
G77,0.14285714285714285
A78,0.009433962264150943
I79,0.01775147928994083
I80,0.35502958579881655
G81,0.38095238095238093
L82,0.006097560975609756
M83,0.28191489361702127
V84,0.0
G85,0.0
G86,0.0
V87,0.14788732394366197
V88,0.007042253521126761
I89,0.3905325443786982
A90,0.12264150943396226
P91,0.007352941176470588
P92,0.5147058823529411
P93,0.25
P94,0.029411764705882353
P95,0.22794117647058823
P96,0.6470588235294118
D97,0.558282208588957
A98,0.04716981132075472
E99,0.22164948453608246
F100,0.0
R101,0.20161290322580644
H102,0.043478260869565216
D103,0.4294478527607362
S104,0.06153846153846154
G105,0.20238095238095238
Y106,0.018018018018018018
E107,0.28865979381443296
V108,0.0
H109,0.19021739130434784
H110,0.4076086956521739
Q111,0.025252525252525252
K112,0.4292682926829268
L113,0.0
V114,0.14084507042253522
F115,0.025380710659898477
F116,0.43147208121827413
A117,0.19811320754716982
E118,0.31958762886597936
D119,0.7055214723926381
V120,0.07042253521126761
G121,0.2619047619047619
S122,0.46923076923076923
N123,0.6496815286624203
K124,0.44878048780487806
G125,0.03571428571428571
A126,0.018867924528301886
I127,0.047337278106508875
I128,0.21301775147928995
G129,0.36904761904761907
L130,0.006097560975609756
M131,0.0425531914893617
V132,0.0
G133,0.0
G134,0.0
V135,0.07746478873239436
V136,0.014084507042253521
I137,0.30177514792899407
A138,0.10377358490566038
P139,0.08088235294117647
P140,0.5294117647058824
P141,0.25735294117647056
P142,0.04411764705882353
P143,0.3014705882352941
P144,0.5073529411764706
D145,0.7975460122699386
A146,0.018867924528301886
E147,0.23195876288659795
F148,0.005076142131979695
R149,0.22983870967741934
H150,0.005434782608695652
D151,0.4049079754601227
S152,0.1076923076923077
G153,0.20238095238095238
Y154,0.036036036036036036
E155,0.3556701030927835
V156,0.0
H157,0.28804347826086957
H158,0.30978260869565216
Q159,0.010101010101010102
K160,0.45365853658536587
L161,0.006097560975609756
V162,0.19014084507042253
F163,0.04060913705583756
F164,0.3350253807106599
A165,0.330188679245283
E166,0.5824742268041238
D167,0.7300613496932515
V168,0.11971830985915492
G169,0.5595238095238095
S170,0.4461538461538462
N171,0.5668789808917197
K172,0.4585365853658537
G173,0.05952380952380952
A174,0.1320754716981132
I175,0.09467455621301775
I176,0.2781065088757396
G177,0.19047619047619047
L178,0.0
M179,0.10106382978723404
V180,0.0
G181,0.023809523809523808
G182,0.023809523809523808
V183,0.15492957746478872
V184,0.1619718309859155
I185,0.34911242603550297
A186,0.32075471698113206
P187,0.22058823529411764
P188,0.5
P189,0.7426470588235294
P190,0.5808823529411765
P191,0.2867647058823529
P192,0.8823529411764706
D193,0.6932515337423313
A194,0.16981132075471697
E195,0.3865979381443299
F196,0.09644670050761421
R197,0.4798387096774194
H198,0.33695652173913043
D199,0.6196319018404908
S200,0.3076923076923077
G201,0.39285714285714285
Y202,0.22972972972972974
E203,0.5463917525773195
V204,0.2323943661971831
H205,0.5489130434782609
H206,0.6086956521739131
Q207,0.3686868686868687
K208,0.624390243902439
L209,0.2682926829268293
V210,0.2676056338028169
F211,0.41624365482233505
F212,0.6243654822335025
A213,0.1320754716981132
E214,0.7525773195876289
D215,0.754601226993865
V216,0.07042253521126761
G217,0.011904761904761904
S218,0.6230769230769231
N219,0.7197452229299363
K220,1.0
G221,0.38095238095238093
A222,0.22641509433962265
I223,0.11242603550295859
I224,0.378698224852071
G225,0.5119047619047619
L226,0.5304878048780488
M227,0.5106382978723404
V228,0.6549295774647887
G229,0.8214285714285714
G230,0.4166666666666667
V231,0.4014084507042254
V232,0.8591549295774648
I233,0.5029585798816568
A234,1.0
